23c8ba892ad7dd6497f5877c9ec171bb,山翁Swain,ding-liang-93-47,-1,False,https://pic3.zhimg.com/v2-2c213b96949a2eb5e52c2782466e1b2f_is.jpg,706,0,82,,True,False,
59610badf7cc99794adcfe391758a8d6,诚言SIR,lin-zi-cheng-57,1,False,https://pic4.zhimg.com/v2-11cc0380ca790d836766bd3eb6e4ce1c_is.jpg,69787,461,349,公众号:诚言SIR；科比新书《巫兹纳德训练营》译者,True,False,
6d443177eca4f4f098b4a4b63046b4b0,王瑞恩,wang-rui-en,1,False,https://pic1.zhimg.com/v2-1823d39907c55775880c84977ee0e777_is.jpg,499892,142,1252,老王力气大无穷，双手举起纸灯笼,True,False,
19787805e0d1f80fe5501ec60be84d6a,胡渊鸣,iterator,1,False,https://pic1.zhimg.com/v2-7d2e996c26bf0724b612b4b107845835_is.jpg,47691,1,12,麻省理工学院 计算机图形学,True,False,
624ad4ec3e4360ddcfb84eae21ddb2a8,立党,dang.xinran,1,False,https://pic2.zhimg.com/v2-5219cbe24d4f14988b278ee60c419180_is.jpg,37378,1008,1177,微博：狗食。Twitter/b站：@lidangzzz,True,False,
d424837bffd7fd4ae461c88a4fb5a6fd,Serena Yu,serenayu,0,False,https://pic1.zhimg.com/v2-be1b9046a7c9d8fb0327f83734751ee0_is.jpg,55693,8,2101,Don&#39;t be evil.,True,False,
83c229e5e026d4f8b685aa2750902459,刘看山,liu-kan-shan-78,1,False,https://pic3.zhimg.com/v2-cbcd70fece9e93ea43df3f1ce17ff6dc_is.jpg,8699815,52,78,知乎吉祥物，带你发现更有趣的知乎,True,False,
577a99c95c7c469fde072c2adc787c99,人民陆军,ren-min-lu-jun,-1,False,https://pic4.zhimg.com/v2-f16861caf6ceee9e12f5850cfe6e67ad_is.jpg,91017,2305,0,,True,True,
f57d707cf4e3ec01f2ca347d83885c36,押韵诗人,ya-yun-shi-ren-30,1,False,https://pic2.zhimg.com/v2-52acd83607a5e07e58fe70f08ffe53f5_is.jpg,35323,576,694,请关注微信公众号“押韵诗人”,True,False,
f20b6eacbf268e42b4ade3ec049b45c1,丁三胖,ding3p,1,False,https://pic1.zhimg.com/8b705a967_is.jpg,52365,322,313,公众号：丁凡的奇妙世界,True,False,
6fb1d89591e4fb1b6737c0c8f951c29b,赵皓阳,zhao-hao-yang-1991,1,False,https://pic2.zhimg.com/v2-0911b6f5ea894fa09b8f61dbeaf12c37_is.jpg,157382,87,247,《生而贫穷》已正式出版,True,False,
df8cf76aa6a84db4412c3aceb1c1b80b,叉少,cha-shao-wang-shi,1,False,https://pic3.zhimg.com/v2-bc4a407f0b280900e4f6571f4e8a9802_is.jpg,24804,4,47,公众号「 叉烧往事 」主理人,True,False,
953060da6e0917497940c083810443a5,贺仙,wuchangyexue,1,False,https://pic4.zhimg.com/05836cca8e18915f65090b2e1449e77b_is.jpg,184157,41,2374,莲子已成荷叶老，山色初明水色新,True,False,
680bb09a357c9b943bfdea48d6c008ab,老杨叔聊志愿填报,lao-yang-liao-gao-kao-zhi-yuan-tian-bao,1,False,https://pic3.zhimg.com/v2-b5daa127535c1681b6c8ba7686561264_is.jpg,174298,586,11423,从不看私信，咨询走值乎，关注公号送志愿填报实用攻略，搜知乎名,True,False,
b5470499378d127f1203b175f7f4f74d,阿里巴巴,a-li-ba-ba-23-79,-1,False,https://pic3.zhimg.com/v2-aeaa9f516bb29a1e81b4bbfb5386f091_is.jpg,97108,30,81,让天下没有难做的生意,True,True,
0800a987f70d3486479cd00b357faf28,皇太极,madisonand34,1,False,https://pic4.zhimg.com/f8cd9c5b0f7546cfdb85960cc46d56de_is.jpg,236619,88,121,公众号：皇太极在纽约,True,False,
ac96cb7be49623aca85e41631e21b1e3,人民网,ren-min-wang,-1,False,https://pic2.zhimg.com/v2-f30bdbee98ac241b623d8b73f3519cfc_is.jpg,457531,132,72,权威实力 源自人民,True,True,
d7401cfeb48804438954bd1d848d6e52,毛线抄手,jiang-xiao-mao-a,1,False,https://pic2.zhimg.com/v2-4c26d4122be1bcc8614f82e96e11c44e_is.jpg,26189,4,695,一条剧组狗 我摄助够了 不要再私信问我要不要摄助了 ，不要！,True,False,
47ac97a287b10d41ef3239f61ea08920,邓铂鋆,deng-bo-yun,1,False,https://pic4.zhimg.com/v2-77ddf8914e0418c2e26ea5021741f5c7_is.jpg,236463,0,4610,克莱登大学教育处选课系统管理员（非事业编）,True,False,
944fc2cf7b6d3556aaba9d8536ccf670,中科院物理所,zhong-ke-yuan-wu-li-suo,-1,False,https://pic3.zhimg.com/v2-9108bc2da9a2d69611451fe756ec281b_is.jpg,156833,209,73,没错，我就是那个物理所。,True,True,
11f81fd09f3e27064b676802c7772f4c,知乎故事大赛,gu-shi-dang-an-ju,-1,False,https://pic1.zhimg.com/v2-c83d996180155c8d2090b3c8889bb159_is.jpg,6319,0,0,,True,True,
0617028ab042be96391628c50dcbde73,李连明,mingrenmingyan,1,False,https://pic1.zhimg.com/v2-dc012a68d740b31507f53645d567e88b_is.jpg,2622,141,435,,True,False,
f3eb81b589aeaae61a433eaf295f5f18,李永乐老师,lele-88-98,-1,False,https://pic2.zhimg.com/v2-00d59a176fd9d778419f3d7192ded779_is.jpg,60977,15,80,中学物理/数学教师,True,False,
6e2afcf05882d04abd1d9e7264576df2,猴子判官,dong-liang-85,1,False,https://pic4.zhimg.com/v2-43f0588545440080a5cf8c9fd4cd79ae_is.jpg,53507,21,526,前法官，中层干部，段子学博士生岛狮（享受村委会特殊津贴）,True,False,
1d1436723032323cba09e85688f139b7,我是郭杰瑞,guojierui123,1,False,https://pic2.zhimg.com/v2-811c432cf5ac001dbd29f16508582650_is.jpg,186992,9,165,郭杰瑞,True,False,
0f31c7e124c575c04472f050b9d4e0c5,发条张,film_top,1,False,https://pic1.zhimg.com/b6080623a_is.jpg,611,0,2,八最经典的电影，扯最TOP的观点,False,False,
6cf6ae9b2df81a98bbb44c2515b66c06,知一声,verycool,0,False,https://pic2.zhimg.com/v2-68e51259238be39eca185a752e1d1fe6_is.jpg,99017,43,5,能文能武，懂一点产品，懂一点技术，非常了解知乎产品功能。,True,False,
c3ee2daecdfe1dc0b86e3de05fab0dfa,雷磊,leileiak,1,False,https://pic3.zhimg.com/v2-55d4d03dd831ed3dbc2535fb2d9ff9fe_is.jpg,91387,355,151,真实故事计划创始人、前南方周末调查记者,True,False,
0f2006385065c411ad6d08b4fc62b788,知乎科学,zhi-hu-ke-xue,-1,False,https://pic3.zhimg.com/v2-a2afd999712762d9c146a525489d48dc_is.jpg,921719,19,3,来知乎，看科学多热闹,True,True,
44ba2c7757cdda157bade585004144ef,一加科技,oneplus-71,-1,False,https://pic1.zhimg.com/v2-e345fd6cc9d2d4da5d7cd406ab723a7c_is.jpg,24719,103,76,Never Settle,True,True,
46f5781643c17c35f1c16e0719feb55d,英雄联盟,ying-xiong-lian-meng-56-33,-1,False,https://pic3.zhimg.com/v2-71afea3f9a42c8e6459e511307500ad0_is.jpg,185271,311,138,欢迎来到英雄联盟。,True,True,
f5901889acc1a5015395facaac653329,摩登中产,mo-deng-zhong-chan,-1,False,https://pic3.zhimg.com/v2-8e8dc8479721fb32b03eee2884e16064_is.jpg,94908,0,120,新一代中产的精神、生活、审美之道。幸有你来山未孤。微公号：modernstory,True,False,
8ffae4888922f9b3c55120a189def658,知乎动画,zhi-hu-dong-hua,-1,False,https://pic1.zhimg.com/v2-3bc359ea7942484e9275a15f5ba8b2c8_is.jpg,1274626,178,2,知乎 ACG 领域，不止是动画！,True,True,
946100dd40f5cf54c41bdd59ad4f0d87,张小北,zhang-xiao-bei,1,False,https://pic2.zhimg.com/v2-7fd4fce5376126c913156770ec14320d_is.jpg,1023976,91,1409,编剧、导演,True,False,
f98c75b3887ae03d5ea77d088700f139,马路,zhen-gu-jun,0,False,https://pic2.zhimg.com/v2-208228d464185173ca8ecf1fc61a2975_is.jpg,39004,93,157,中年少女的楷模，比男人更讲道理。公号【马路青年】。,True,False,
4746a2e4eb8feb76d5e43fbe04b7b058,Mix晴子,mixqing-zi,0,False,https://pic2.zhimg.com/v2-56d42a07678c1668318c22840341634b_is.jpg,17552,1,3,斗鱼：Mix晴子,True,False,
b8cfe23dd516b475fdd63ce465d2a4e9,敬汉卿,jing-yi-qing-49,-1,True,https://pic4.zhimg.com/da8e974dc_is.jpg,8402,1,1,吊儿郎当的自媒体,True,False,
f35fcb19ea50373fc10f2219f4a12754,马伯庸,ma-bo-yong,1,False,https://pic4.zhimg.com/3af4b8cc2_is.jpg,953177,80,123,市场营销,True,False,
fc1e8ef4a24b7220a62f53e26c0a951e,天眼查,tian-yan-cha-40,-1,False,https://pic3.zhimg.com/v2-4cdfb632e2836402ad3e63ae2e660ee9_is.jpg,196627,86,769,公平看清世界,True,True,
3ca70de9ee621f96d225e956e3663af0,小刀不磨,liu-shun-32,1,False,https://pic4.zhimg.com/v2-092fd2d933ad448db11bf51b7af52e42_is.jpg,16588,5,84,一二三四，五六七八,True,False,
f944527aea36a22f94e5c0a85a567faa,小弟王晶,xiao-di-wang-jing,1,False,https://pic2.zhimg.com/v2-98d8c72cf547d4ce97c0b6bc0b470b80_is.jpg,48106,0,3,导演，代表作《追龙》《追龙II》《赌神》系列《古惑仔》系列等,True,False,
f3f29a9d59315793e90c14e8726a38b5,腾讯体育,teng-xun-ti-yu,-1,False,https://pic4.zhimg.com/v2-7e5dae6e52b994d2adf8a1cbcb053277_is.jpg,26653,790,456,,True,True,
d8be63aea3967b551de507e40f52dd8c,平安北京,ping-an-bei-jing-72,-1,False,https://pic1.zhimg.com/v2-eeb14642c83f525df21149a19731c996_is.jpg,11259,0,9,,True,True,
3e6ab625a6ac069911dec50add7925d7,人人影视字幕组,ren-ren-ying-shi-zi-mu-zu,-1,False,https://pic1.zhimg.com/v2-85c29fb94e0480608661882ad21a95ad_is.jpg,2094,33,23,,True,True,
4092e6bef6fbfeb8bb629edc17990812,即刻运动Official,fittimeji-ke-yun-dong-39,-1,False,https://pic4.zhimg.com/v2-91514ac70ccecc6a28037ff65c9c4ad4_is.jpg,282290,589,1174,即刻运动APP 让你足不出户练出好身材！,True,True,
b8376da6d812da2d81c8e4a4dba04335,Keep,keep-13-17,-1,False,https://pic4.zhimg.com/v2-94405c74940f5a8759e28403071da6bc_is.jpg,284227,29,31,哪里有运动，哪里就是你的自由运动场，自律给我自由。,True,True,
c6b82fe5c2f70b2a043d3948eb00c18b,芒果冰OL,mang-guo-bing-ol,1,False,https://pic2.zhimg.com/v2-d26453bb149aaab2a72fc525ae8f4b62_is.jpg,14334,3,41,B站up主，代表作《中国网游史》系列，网游圈八卦集散地,True,False,
6d48e9873eea114c9bbcb56b4803fb81,新世相,xin-shi-xiang-98,-1,False,https://pic4.zhimg.com/v2-fdc1660a55d94b81a9c2213bce5d3970_is.jpg,113400,747,212,,True,True,
4a9b90c975dd69003bfbd2e04a1e3586,梁静茹,liang-jing-ru-51-64,-1,False,https://pic4.zhimg.com/v2-0893a35763ca9d6c0c2014b644d2cf29_is.jpg,46058,0,2,"情歌天后,疗愈系情歌本格派",True,False,
ac50b000c0545afb685b295fa76d4199,原画册韩松,oalbum,1,False,https://pic1.zhimg.com/v2-be72a3471a5b9a246313cca944dd7d62_is.jpg,136218,84,63,"IPPA,MPA,MIRA手机摄影获奖者，公众号：原画册",True,False,
703df45e986a61a72c9ad54eb4c1c57b,蔡澜,cai-lan-80-17,1,False,https://pic1.zhimg.com/v2-251836f96a8e7af0377719162d068209_is.jpg,504285,73,89,美食家、专栏作家、电视节目主持人 、中国美食纪录片《舌尖上的中国》节目总顾问,True,False,
07a9f6a14340688d3f309417d5213378,朕说,zhenshuooo,1,False,https://pic1.zhimg.com/v2-795d71e728aaaee9fe134846595fa55e_is.jpg,71709,397,37,百万粉丝趣味知识漫画微信公众号：朕说。欢迎关注！,True,False,
66103c2f4dde4e45f2871217e2e16f01,花总丢了金箍棒,huazong,1,False,https://pic1.zhimg.com/ef1fb11ba3b5b4f2d3ee19b4d5dff1ca_is.jpg,144421,11,154,诺贝尔卖莔奖得主,True,False,
f51eb53feaac90c952896ae9da068725,苗力,miao-li-42,0,False,https://pic3.zhimg.com/92decea24_is.jpg,170656,41,23,左耳听情话，右耳听批评。,False,False,
859879b210ae6d403347cd662cb96632,李昕,li-xin-92-29,0,False,https://pic1.zhimg.com/v2-3cf1773d2ac7fb3acc3ff04e76676d68_is.jpg,198102,6,353,新生儿科医生，一个宝宝的妈妈,True,False,
beb8a325ff815b20dfee8021bd8364be,丁若水,ding-ruo-shui,0,False,https://pic3.zhimg.com/235fe1e80c561a3d887243daf94d6836_is.jpg,179774,26,715,有猫，学过医，国家二级心理咨询师,True,False,
37e935623706e5e221d2756fba82acf5,Luxenius,luxenius,1,False,https://pic4.zhimg.com/4e6ea52436d88d50b413e55ec8538b9b_is.jpg,199416,8,165,小隐隐于匿名用户，大隐隐于没有帮助,True,False,
914027d953e2f32b1b9557b47d485d1d,死者代言人,forensic,1,False,https://pic1.zhimg.com/be39d110759e68f389b7d2934d7353bc_is.jpg,223985,15,525,为死者代言，替逝者发声。,True,False,
e506c22dc58a46f95dcd436a77c45a01,网易体育,wang-yi-ti-yu,-1,False,https://pic3.zhimg.com/v2-c2a7f309662683907f17bcccee7c2454_is.jpg,94176,507,675,用绝对严肃的态度，写有意思的体育故事,True,True,
a8cd8c7cc6e7de24b5f6f547512fd200,王志安,wang-zhi-an-20,1,False,https://pic1.zhimg.com/v2-002336f8e40d9c8e4d1b2783c4c41678_is.jpg,63990,27,33,用冰冷的理性温暖世界。微信公众号：wangju8848,True,False,
3d198a56310c02c4a83efb9f4a4c027e,知乎小管家,zhihuadmin,1,False,https://pic4.zhimg.com/v2-85b5868ae1ee114c5818d29201aef708_is.jpg,331995,235,69,超厉害！顺便招运营人才和其他各类人才。,True,False,
c06e444d2dc779ab9ffb6f92013dbe45,毕导,bi-xiao-tian-99,1,False,https://pic3.zhimg.com/v2-d94579f978d5ebae54c6f2d1cb55b3d1_is.jpg,306424,14,160,膜技术博士，欢迎关注同名公众号“毕导”,True,False,
a5d9ea8daf614847f24b73d51325c63d,新浪军事,xin-lang-jun-shi,-1,False,https://pic1.zhimg.com/v2-96e041a4c79072c6c4e260ca04694b73_is.jpg,10317,182,21,最多军迷首选的军事门户,True,True,
397024431d2803c525d7def6a1fc66ab,人物LIVE,13136186906,-1,False,https://pic3.zhimg.com/v2-9fde9447aca30a43a198e0f5d080caba_is.jpg,10591,225,151,微信公众号ID：yirenyicheng01,True,False,
a80814e0e30fe4bdcc586e0d9a05198e,Sir电影,du-she-dian-ying-6,-1,False,https://pic1.zhimg.com/v2-674cc92d3d6b7375d44e4f94855a6494_is.jpg,62806,397,77,爱电影的人，一直关注我。,True,True,
c1cbe3b38d6e669e0b6afbb84df06dad,流浪的蛤蟆,liulangdehama,1,False,https://pic4.zhimg.com/1682d1960_is.jpg,174141,52,2138,《一剑斩破九重天》起点连载中，各位大爷常来玩啊！,True,False,
b9308efbf94d730666c50c1911324a41,Colin Zang,zang-yong-yi,1,False,https://pic3.zhimg.com/v2-0c3c653f791bffc20f8021c7afd11874_is.jpg,20056,0,37,偶尔造点曲子。,True,False,
1489f98f6d8929029842000b0a69b5dd,腾讯科技,teng-xun-ke-ji,-1,False,https://pic3.zhimg.com/v2-6b9eb1f69a2815015e56fd9831d559c1_is.jpg,300136,97,233,,True,True,
296cdcac6f4033262cda63e6fb95f0f4,鸡身少女小绿,ji-shen-shao-nu-xiao-lu,0,False,https://pic4.zhimg.com/v2-a45acb99e405aaf228bf5694d2a32767_is.jpg,11419,0,86,"运营一个惨淡公众号的文豪。
没有医术的兽医。
阿哥头女硕士。",True,False,
599be726d602e6e85591a52735d9ae16,常同学,kris-98,1,False,https://pic1.zhimg.com/v2-e7c6fc979f2444ccff646ff836202577_is.jpg,1967,0,21,「与你分享我刚编的故事」-  现役美国海军航空兵一级士官。,False,False,
99e43ba6ebde9a595b867095011acd19,医联APP,yi-lian-app-55,-1,False,https://pic3.zhimg.com/v2-5cbed22f4cc40fb4815dd94ec0d810d8_is.jpg,65197,364,56,中国领先的实名医生平台,True,True,
6382d6f139190ad6931f99a3854b93f7,赵赶鹅,zhao-jia-zhu-41,1,False,https://pic4.zhimg.com/v2-43c5b55c8ca9d1cce780a1e2db9cb3ff_is.jpg,124747,22,104,当你凝视深渊时深渊也凝视着你，与野兽搏斗的人要谨防变成野兽,True,False,
f27062c7978e6e86b723c97d88cb6ad0,皮耶霍,chen-ke-55-65,1,False,https://pic1.zhimg.com/v2-3a4fe6506ed60df759611979fb2a4b53_is.jpg,149211,126,999,经济学学士历史学硕士法学博士,True,False,
106788648e646845a6d075b1306a9de3,Aamir Khan,aamir-khan-47-48,1,False,https://pic4.zhimg.com/v2-3f86b520e91ce081c3fad376667438f8_is.jpg,131446,0,3,,True,False,
ae6f45cb16b4acb11669a8981eba7d1d,华为,hua-wei-62-16,-1,False,https://pic3.zhimg.com/v2-e4d64b5e553899079c856727e6f12eae_is.jpg,58803,58,57,全球领先的ICT基础设施和智能终端提供商,True,True,
c7a3ec5bf9c5ee8487b49cdf4e615f64,一号哨位,yihao-shao-wei-11,1,False,https://pic1.zhimg.com/v2-c3dad3053e5e486d8a1985f8d6c8f11e_is.jpg,7561,17,42,关于军人、军属的一切,True,False,
1f45812eda5c441519d6a4d072f347bb,卡城疯云,calgarycloud,-1,False,https://pic1.zhimg.com/v2-42e59d640ae6d0bc40b07e6770852623_is.jpg,1138,1,31,海外工程狗，新移民，各种户外运动装备党,False,False,
8b508559eba705a6c3e5f400520802dd,哎呀我去刘老师,liu-chun-yang,1,False,https://pic1.zhimg.com/v2-26b628e1eba9df454c992257cb76fde1_is.jpg,8288,1,155,爱唱歌 / 爱做饭 / 也爱打游戏 / 厨艺渐渐恢复中,True,False,
b8a8043e3499de9e868db38d9b5e2858,今夜九零后,tai-yang-di-xia-wu-xin-shi-50,0,False,https://pic4.zhimg.com/v2-aea7d2d93f77287add092df52b981d88_is.jpg,12562,32,98,记录九零后，记录你。,True,False,
24954a772cb4ed7752e619bb27559873,Cristina Soul,jin-zhao-jiu-53,1,False,https://pic4.zhimg.com/v2-f4790db70710ef7d04514979b88222dd_is.jpg,1,0,0,。。。,True,False,
3024ed4f502c518b78ccdcdf8e4c5ce4,第一干事,di-yi-gan-shi,1,True,https://pic4.zhimg.com/da8e974dc_is.jpg,878,3,0,,True,False,
64cf20fe7cb8ee6e1a929cbf95f16dc3,秦明,perkyqin,1,False,https://pic3.zhimg.com/28b7a3cc652da02b971835ddca645c14_is.jpg,167775,0,147,在职公安法医/作者/科普达人,True,False,
bd8af9584952286b0f4896f4ef1384f0,龙牙,long-ya-57-84,1,False,https://pic3.zhimg.com/2b8be8010409012e7cdd764e1befc4d1_is.jpg,486124,40,1154,小xuo生的公众号：龙牙的一座山。,True,False,
bfd75d28af9e975dec51ec8ae0527fe7,OwlLite,wenmiau,1,False,https://pic4.zhimg.com/623cb8e61da80bbae706f30642b2a145_is.jpg,392237,30,179,",",True,False,
c7629ff90233188fe05ca3d5ecd9bed2,陈睿,ruich97,1,False,https://pic3.zhimg.com/67c4cdd41e39002e1db4b0310f18e8b2_is.jpg,52967,0,8,,True,False,
5f33ef832172f703f4434ca4e2b7a0b4,狂丸科学,kuang-wan-35-41,-1,False,https://pic4.zhimg.com/v2-cba887679509294b7b929970e9038056_is.jpg,80406,308,1,微信公众号：狂丸科学，获取科学学习资源,True,False,
2f8b921be71a04f2972e191ca68f3cdd,网易槽值,caozhi,0,False,https://pic4.zhimg.com/v2-8ffe5655558be0cc186c916963edb35c_is.jpg,104789,452,385,网易原创栏目，公众号槽值（ID：caozhi163）关注我的人都好看又有趣。,True,False,
31a57740c0436260eb2f8c71f1bab40e,本多敏行,ben-duo-min-xing,1,False,https://pic2.zhimg.com/v2-61e997f14b955ed09dfd4a19e26c6e88_is.jpg,34877,1,7, 动画导演、监督 导演 娱乐人物 动画 人物代表作品为《哆啦A梦》系列。,True,False,
7f8d8e3b413f96ae377fc1a2f570ba0f,任素汐,ren-su-san,0,False,https://pic1.zhimg.com/e80b6f0ee11a84d88ca174770179d1dd_is.jpg,106829,0,2,演员,True,False,
29e997ccf1dfbb6f4919777e9a067e48,聂卫平,nie-wei-ping-64,1,False,https://pic3.zhimg.com/v2-328e9303e1d7e485d2b923959651048e_is.jpg,88048,2,4,围棋职业九段,True,False,
0444528f10ddf02892abc7167acb77e4,戴荃,daiquan0915,1,False,https://pic1.zhimg.com/v2-f866d5351d0a778e8f82417841d5f79f_is.jpg,89867,1,6,,True,False,
f1887d2c924a22428792c7c22615aefe,张昕宇梁红,ontheroad270,1,False,https://pic4.zhimg.com/v2-453ac7e7e65247d26dffd315d6379a37_is.jpg,356852,24,40,环球探险家，一对青梅竹马的侣行夫妇。,True,False,
f20cd1769f61602e2d8d9a6f4ad2ae5d,田吉顺,tian-ji-shun,1,False,https://pic2.zhimg.com/v2-6b6512ddd0dfdb105678291dc2c48f9d_is.jpg,989182,118,498,丁香医生医学总监,True,False,
680d37d632f2caa5c216fa16c97a0cd9,网易公开课,zhi-shi-di-48,1,False,https://pic4.zhimg.com/v2-8fe5b92ae64f82f0ad75517ce55180d1_is.jpg,58439,207,295,上好人生每一课,True,False,
ad37b9a16259da1c64220892a6191d2b,网易玩家工作室,wang-yi-wan-jia-gong-zuo-shi,-1,False,https://pic3.zhimg.com/v2-1f2cc85d22e216833c8bbc4034e6938d_is.jpg,193002,1367,45,网易航空公众号(id:wyair163),True,True,
3de6e28ed687707cce386fc97269dad7,正新鸡排七莘路分店,zheng-xin-ji-pai-48,-1,False,https://pic3.zhimg.com/v2-b11c4c0555a872f0ab299dbd4f8ef891_is.jpg,937,55,78,了解项目信息，点击详细资料获取更多信息,True,True,
b3d9497a16f583ef0caf3a8304efae64,悦跑圈,yue-pao-quan,-1,False,https://pic1.zhimg.com/v2-389a82c27bafd537b93bb41ee8dbbd39_is.jpg,97370,230,264,跑步就用悦跑圈,True,True,
75ebc4ed8925f9ad8ab6a178b5f9dcfe,小黄,lang-lang-63-1-54,-1,False,https://pic2.zhimg.com/v2-b332c104f023d36b2b1a966f76572428_is.jpg,328408,0,2,演员,True,False,
52437d958fb6c7a5a746e6374aa63d49,支付宝,zhi-fu-bao-72-4,-1,False,https://pic3.zhimg.com/7ef1d1bf49e77c102ad42878ef187524_is.jpg,279574,295,248,知托付,True,True,
4e1a5d4b93d227d41b39e0c87f668718,尚敬,shang-jing-dao-yan,-1,False,https://pic1.zhimg.com/v2-63ddeb52190576eaeaebc77bd43a5786_is.jpg,38047,0,1,,True,False,
807cbdad0c3629cc02c6c6e84ee98fba,张译,guo-zi-501,1,False,https://pic4.zhimg.com/31d2a5bed119fca57cc6e7b05fcb7721_is.jpg,795514,6,26,知乎000号员工+猫与观众的侍者,True,False,
bea1c8d88ab66b0f053f3c529712f362,海贼-王路飞,wang-xiao-sa-54,1,False,https://pic1.zhimg.com/v2-945172a06a639243c6f81c618bb03413_is.jpg,61100,0,235,再见,False,False,
e74ab523cbce97e3030d90127eadd10e,谭卓,tan-zhuo-35-95,0,False,https://pic3.zhimg.com/v2-0dbcf650d1c592632994eac706b5f12a_is.jpg,166876,0,3,职业自己,True,False,
b4e6f23bbf0d7a1c8f86b4279e1e255c,基层务语,zhang-jian-tao-54-80,1,False,https://pic1.zhimg.com/v2-d59b543bd4001e6e09a0ed230c9318de_is.jpg,4562,16,209,监狱民警，公众号：基层务语,True,False,
af329730ef4f9cc2b9d7b997c359c4b2,每日人物,mei-ri-ren-wu,-1,False,https://pic1.zhimg.com/v2-8abe20b5bc4f905681f7b64c6625d9f0_is.jpg,199167,718,523,轻商业，懂生活。,True,True,
dd00a1331c92c5f94e28c007443271b5,真实故事计划,zhen-shi-gu-shi-ji-hua,-1,False,https://pic4.zhimg.com/v2-3b1f2e192ac6d2ee0af97b46bc564200_is.jpg,583687,177,537,你的人生问题，故事里都有答案。,True,True,
0e5c2a84ea0c614e550b8f2d9f4f6280,刘翔熙,liu-xiang-xi-94,1,False,https://pic2.zhimg.com/v2-2bc4a157cb092dac7da2af5a9b48b94b_is.jpg,119323,157,688,O编 前美军战地工兵士官 伊战老兵 联邦劳工部探员 NRA手枪教官 OH隐蔽持枪证教官 娃爹,True,False,
d87e01a7d96bafc6c4bd1712100504da,喜马拉雅,xi-ma-la-ya-fm,-1,False,https://pic3.zhimg.com/v2-3f7ab673c89ffa98750543e012b7b8d2_is.jpg,64438,87,240,每一秒陪伴都有爱。,True,True,
c8b63302fc0ac260278c00954a16919a,影视圈杂志,ying-shi-quan-za-zhi,-1,False,https://pic4.zhimg.com/v2-65503b160b41c806be74ef8d0094311e_is.jpg,369061,911,484,专业做媒体，认真做娱乐。,True,True,
acd772b064126107cc838df39fe034dc,医生大鹏,hellodoctor,1,False,https://pic3.zhimg.com/v2-92888e7b26607cef887381328e237e52_is.jpg,109721,65,91,微信公众号：男科时间,True,False,
a3f4d1b84c639f7c70a7b11ddc7957e4,运动医学王杨雨凡,wang-yang-yufan,1,False,https://pic1.zhimg.com/v2-64e8a2fc2f89164273d4bee4cfeae76e_is.jpg,69583,121,432,"公众号:运动医学王杨雨凡
咨询转值乎",True,False,
e3cf968a0fab8ed92959b94e3c11276c,叶子,xie-zi-86-58-94,0,False,https://pic3.zhimg.com/v2-69141dfc9b87f04ac2aa075e71b3efb6_is.jpg,1982,11,10,一个喜欢分享设计、艺术、绘画、二次元的小仙女,True,False,
15943ea68da063cfbc9391fcc194c31a,吴思涵,wu-si-han-47,1,False,https://pic1.zhimg.com/v2-22651640153b2e3752c116fdab8ee511_is.jpg,139639,70,851,知识星球「真知拙见」,True,False,
fc7e83baaa843a4f50a775f285780ce6,新京报剥洋葱,xin-jing-bao-bo-yang-cong,-1,False,https://pic1.zhimg.com/v2-873af5f79d96455868c2948c3d5d7bed_is.jpg,67749,71,61,,True,True,
2fe256dd4576c9a5a395bc72298e31b3,圆的方块,zhu-shan-36,1,False,https://pic3.zhimg.com/v2-572c513f215b3d8ecc8f76a4a5ce1234_is.jpg,20898,74,152,科学松鼠会，公号【圆的方块】,True,False,
dd2a620fbc04bf35f833006745a46e84,丧心病狂刘老湿,bingo-liu-66,1,False,https://pic4.zhimg.com/v2-42465aafac11e5439225008a987e0034_is.jpg,208886,46,587,会讲点儿故事，略懂点儿历史，稍有点儿意思。,True,False,
aee1bb69845226f779ecd351a83eeb02,郎朗,langlang0614,1,False,https://pic2.zhimg.com/v2-81eb926b6ca2decac7ba1852faab3518_is.jpg,329916,1,15,国际著名钢琴家/音乐教育者,True,False,
5554b4c7233211e53ce5caf160012898,网易云音乐,wang-yi-yun-yin-yue,-1,False,https://pic1.zhimg.com/v2-a70fa10982765463a858bfe53a2efc38_is.jpg,17122,1,5,,True,True,
4b5d7787a9d7a7ddc8500d97b4f30539,聂顺利,nie-qi-13,1,False,https://pic3.zhimg.com/v2-5ea33e0534356f2cee234e1e73efac06_is.jpg,25388,404,227,医生/爱思考/爱美食,True,False,
2a5f4b1284cb11392a4b75cf4363f5f5,皮皮鲁,pi-pi-hui-ke-ting,1,False,https://pic3.zhimg.com/f96777398ec9e5eafc7b6c1f14d50626_is.jpg,106798,19,512,"☀生活话题优秀回答者
微信：pipilvluxixi",True,False,
f7531da97e0021c980e787ca32c859b6,网易浪潮工作室,wang-yi-lang-chao-gong-zuo-shi,-1,False,https://pic4.zhimg.com/v2-0787fd7d5f558ed141b14c3dcc576109_is.jpg,190901,88,603,,True,True,
dd727795f36e2a9efa92405347414cbf,锦衣夜行,LBQYJS,1,False,https://pic1.zhimg.com/v2-a4165827c8ff72c93641a0a5c03187a7_is.jpg,50968,1526,3,冷兵器研究所微信公众号：lbqyjs,True,False,
04bb88705a58c85378b7577f5c0d754f,蒋校长,jiangxiaozhang,1,False,https://pic4.zhimg.com/v2-8a6a828dbc4457a3777e677eb291f7b2_is.jpg,193598,426,296,公众号请搜索:蒋校长,True,False,
fa4ab19e22e12c79d90032da438ccf54,《科学世界》杂志,ke-xue-shi-jie-za-zhi,-1,False,https://pic4.zhimg.com/v2-d6b88fd956c28532f72f20e318315206_is.jpg,213261,121,162,唯有通过科学 方可认识世界,True,True,
6d64d7ba262f6d1fa4ee6fbfcab67655,杰士邦,jie-shi-bang-53,-1,False,https://pic1.zhimg.com/v2-7007700c16034b84f86fc6563aef3f97_is.jpg,55237,99,444,卖套套，不卖油漆，不卖发蜡。,True,True,
1f75ac70be726aedc5a9c5ab5b595eb5,网易《了不起的中国制造》,wang-yi-liao-bu-qi-de-zhong-guo-zhi-zao-,-1,False,https://pic2.zhimg.com/v2-0d00c1fde3921eaad703623c0e30eda0_is.jpg,173979,498,63,从未停止追赶,True,True,
65faf5e96ccedf7638500d895727d7ef,杜蕾斯,du-lei-si-26-55,-1,False,https://pic1.zhimg.com/v2-2d1fe541657778332f0f72541635212e_is.jpg,240459,172,605,杜蕾斯，再向前一步,True,True,
4340c64d1f5beb91ad0d85797e14ee11,触乐,chu-le-75,-1,False,https://pic4.zhimg.com/v2-e155858d14237a2e845d2f4ff4f27790_is.jpg,195370,1021,254,高品质、有价值、有趣的游戏资讯,True,True,
a79799355c0842663f2074daf8f5a1fb,游研社,you-yan-she-47,-1,False,https://pic1.zhimg.com/v2-2a9c6ed72cf475d25431350bbaf2283a_is.jpg,362924,1147,145,看懂游戏，研究快乐。,True,True,
b61720ed048e7dba8b59cb98a1435dfe,胡远东,hydfox,1,False,https://pic2.zhimg.com/f5fd7f37b_is.jpg,266771,41,380,与每一个关注我的知友分享高质量的信息,True,False,
720c6ef165a77d39a9452c8977729518,雷军,mileijun,1,False,https://pic2.zhimg.com/a6fd28f70584d499f1d1f184c4769d56_is.jpg,370300,5,9,,True,False,
a53f4a53d9564100c600150e20b9abe6,军机处,jun-ji-chu,-1,False,https://pic4.zhimg.com/v2-b0b68b4346cbbf5783168927de81bae9_is.jpg,10445,514,12,自媒体人,True,False,
4878db4a0ac1667cb63cd509c1818750,神经木木羊,shen-jing-mu-mu-yang,1,False,https://pic3.zhimg.com/v2-c9bbf1b6d42bab8e7e87d480893eb78f_is.jpg,23434,36,244,一个有大理想的小医生,True,False,
14f1982ee9fd4e9579b918b4676b8b44,KnowYourself,knowyourself-1,-1,False,https://pic2.zhimg.com/v2-efbee9a31c8cd45a623e06c36d398fe3_is.jpg,1469788,347,1200,关注自我和内心，觉察即自由。,True,True,
885864cd2ba3fb91eb653a83c1392c73,陈佩斯,chen-pei-si-13,1,False,https://pic2.zhimg.com/v2-f3ba025ae9dc2ba7417f76f30d852ee6_is.jpg,188548,0,5,喜剧艺人，曝日堂主人。,True,False,
c021ba53a74d78f0ca6ddd7e1ca85aa8,魏则西,wei-ze-xi-89,1,True,https://pic4.zhimg.com/da8e974dc_is.jpg,49738,9,30,二十一岁，滑膜肉瘤转移，西安电子科技大学学生，计算机专业,False,False,
e5d6f7a90d20ec15b089d389d78b1689,人间theLivings,wang-yi-ren-jian-32,-1,False,https://pic3.zhimg.com/v2-65af8da36c32c0a329c5201540256fb1_is.jpg,200610,458,182,一个讲述真实好故事的非虚构写作平台。（公众号：人间theLivings）,True,True,
eaa5b3cf754c52f6182df2b4523fe6d8,良目视光,liang-mu-shi-guang-77,-1,False,https://pic1.zhimg.com/v2-194c892ff42ddef87dac4ca5045fe49f_is.jpg,62649,162,489,视力有问题？快来问我！(〃&#39;▽&#39;〃),True,True,
01f7621c0393188d023c9f1d59d6e171,哔哩哔哩,bi-li-bi-li-71-5,-1,False,https://pic4.zhimg.com/v2-7c6a1fb5b4c689ea3df8c7f6f4265264_is.jpg,464999,27,414,哔哩哔哩 - ( ゜- ゜)つロ 乾杯~,True,True,
8c63b10712eb6439c1b6630c5f8b1e67,Dr.X,bu-wu-zheng-ye-de-wai-ke-yi-sheng,1,False,https://pic1.zhimg.com/v2-ce648b2011f28013263f624e093db88f_is.jpg,152187,630,615,医学博士、外科医生、知乎签约作者,True,False,
f6a21f11acf73306dabf4aba9fed5203,小野,hei-cha-liang,-1,False,https://pic1.zhimg.com/b8bfca2b970d7802e4015106475b2178_is.jpg,821,3,4,公众号：陶笛抖一曲,True,False,
58f950686d0b869dd849a5e415c1542d,大力,lisa-2-22,0,False,https://pic1.zhimg.com/cb1684ebe3d4d8d8ccf8deba29a72a33_is.jpg,65669,8,28,不知之知，无为而为,True,False,
b09db0d3480be4eccb84d7df770cbb16,起点中文网,qi-dian-zhong-wen-wang-36,-1,False,https://pic2.zhimg.com/v2-648bb00e931c5885be1d88689489b0fa_is.jpg,158509,852,506,海量小说 原创乐土,True,True,
c646045fbb9dd8b5ba93bc6ba9f9c9f8,八大处整形布仁,309yiyuan,0,False,https://pic1.zhimg.com/v2-fa5b44b14c2b608987b13f7d5dcc6a74_is.jpg,7078,5,143,重塑你的五官，提升你的气质，做你背后的美丽魔法师！,True,False,
e61b944a469a270a6a08c5d270f42149,荣耀手机,rong-yao-shou-ji,-1,False,https://pic1.zhimg.com/v2-e84e11723653ba9fe43ca4502dd5d995_is.jpg,29473,204,224,活出，我的荣耀,True,True,
de3d495ab7d3324defc44f11386eccdb,丁香妈妈,ding-xiang-ma-ma-98,-1,False,https://pic2.zhimg.com/v2-44487065b65ea232de8b7ed1433c2efa_is.jpg,178082,48,107,为学习型妈妈服务,True,True,
ae88014e195c4b03b9953c9724781430,跳舞,chen-bin-99-5-4,1,False,https://pic4.zhimg.com/v2-05a9eb027f0b236b9e6a56e5363dae4b_is.jpg,253942,10,952,是，我换头像了，咋地！是胖了，怎样！哼！,True,False,
e564a4176a7e71f57689fa0b5667b9ac,丁当,ding-dang-86-96,1,False,https://pic4.zhimg.com/76a75267f984668a7d7326079a0ccdf9_is.jpg,46537,198,4,「丁香医生」专栏作者,False,False,
f51865958e41fe00c4949c50663a8be5,春雨医生,chun-yu-yi-sheng,-1,False,https://pic4.zhimg.com/v2-b97c7550021b3c2cb33ac096676b0fb0_is.jpg,263875,330,307,春雨医生旗下健康媒体，易懂·实用·可靠的健康知识,True,True,
77cb748b2f61a311a765f4fc86a63b0a,不老的老回,husky0708,1,False,https://pic4.zhimg.com/43c8b9a61_is.jpg,125536,66,166,做中国人民喜爱的消费者 贡献于提高奸商的作恶成本,True,False,
b4854b0ef6dcd22ce978860a19066e73,丁香医生,ding-xiang-yi-sheng,-1,False,https://pic1.zhimg.com/v2-fc8c90ae998dd9ae303687a19043624c_is.jpg,2544812,298,626,有温度、有知识、有态度。丁香医生，新一代大众健康品牌。,True,True,
8863c68227f29668a2b7617c49d4beeb,SME情报员,sme-98,0,False,https://pic1.zhimg.com/v2-7215d0e6018a0ed37f0aa2edfb071310_is.jpg,463958,1344,89,讲讲科学史，聊聊科学家，挖挖冷知识（公众号：SME科技故事）,True,False,
c1eedb7997b80a35f2b5ca73583c1dc7,李诞,li-dan-81-79-26,-1,False,https://pic4.zhimg.com/37b41e6e9e1d63fd13b06b90814015dd_is.jpg,85106,0,13,诗人、谐星，《吐槽大会》《今晚80后脱口秀》策划人,True,False,
c11d407c53eabd5f698584e48f792a2c,AcFun弹幕视频网,acfundan-mu-shi-pin-wang,-1,False,https://pic2.zhimg.com/v2-216ff35c92d96448a96970b14a0afc69_is.jpg,132025,180,520,认真你就输啦 (・ω・)ノ,True,True,
f92d6584f1bac2a8bbc810056d46b2b5,网易看客,wang-yi-kan-ke,-1,False,https://pic2.zhimg.com/v2-f1c5dd65f4d8df27fa0a45aa0c5a912f_is.jpg,231223,300,213,看看这个荒诞而有趣的世界。公众号：pic163,True,True,
cd2c9e656b83907607ba4ab6423bd6e8,董不懂,dong-bu-dong-95-73,1,False,https://pic3.zhimg.com/v2-56b139bb4bdc712a64f65bc4a8c16d3d_is.jpg,37532,35,175,铣完这个零件，我就骑上电车带你远走高飞⎝,True,False,
c1e3881713aff51f577fdce931b9f525,腾讯,teng-xun-70,-1,False,https://pic2.zhimg.com/v2-426f419ce98ab2f2f3a01489eda9d706_is.jpg,174633,151,102,用户为本，科技向善,True,True,
05c92c17e575f987d70f64d29036fa8f,传统主男涛哥,kiki-3-77,1,False,https://pic2.zhimg.com/v2-78c9ab2453c7a0527068ec5694fb8792_is.jpg,42517,428,9,"一个人做视频请多关注和支持，
我是试图在家找回传统生活的涛哥",True,False,
d16c6c8296c9c67600448c7baca4b9d3,谷大白话,gu-da-bai-hua-3,1,False,https://pic4.zhimg.com/7b9a1410b3d7988e0f3a14b2cca01883_is.jpg,35623,1,3,草根译者,True,False,
78b1e299a76c7cc1a11276a9a283952c,野食小哥,yeshixiaoge,1,False,https://pic4.zhimg.com/721a555ea285e9df83a72952dd421201_is.jpg,94749,3,58,一人一世界，一本正经做美食,True,False,
df6a11df973141f9bc046eb0d18b561b,掌阅读书,zhang-yue-89-57,-1,False,https://pic4.zhimg.com/v2-542b6b2e6a62efaa10e26fec85564de6_is.jpg,205472,139,351,关注我，为你带来关于读书的干货！,True,True,
53fa7c2fb1fcade1f2eb8e25e10e0f84,共青团中央,gong-qing-tuan-zhong-yang-67,1,False,https://pic3.zhimg.com/v2-669106fab8f1faa49979d6208a252731_is.jpg,868745,276,379,共青团中央知乎官方帐号,True,False,
f36e910c00a42463e5461a71dff059cc,西安牙医邓云贞,dan-shen-wu-tong,1,False,https://pic4.zhimg.com/v2-c82da5affbbc107bc99a75ac9a0d34b2_is.jpg,34328,6,425,第四军医大学口腔医院主治医师,True,False,
ef959a462c8b86ed3e0a3c1b1ace3df1,王尼玛,wang-ni-ma-94,1,False,https://pic1.zhimg.com/v2-c05c10b2c52d85a905c7bff651bf0890_is.jpg,703062,1,193,暴走漫画创始人,True,False,
bc8e62ac11844fc45ede5655dfe626ec,倩Sur,zhouqian2015,0,False,https://pic1.zhimg.com/v2-0b270aefb918b9cafebd0b0aa37fce89_is.jpg,243066,132,731,公号：倩Sur 三甲医院主治医生、医学博士、出版《完美体态》,True,False,
6233865cf3bc85e56dc70d2561be9c61,cpcliusi,cpcliusi,1,False,https://pic3.zhimg.com/v2-711dcd7bfe70800767b64d17309c734c_is.jpg,281155,229,659,历史硕士，讲师，专注中越战争，公众号：南疆烽烟正十年,True,False,
fb9874ee7703a0bf09075d62e1808a8c,军旗猎猎,18618423327,1,True,https://pic4.zhimg.com/da8e974dc_is.jpg,7766,0,5,个人登陆知乎较少，有问题欢迎到 军旗猎 微信公众号后台交流。,True,False,
ac72c035d5279102eb40d24dc40af0fd,国产凌凌云,ling-ling-yun-72,0,False,https://pic4.zhimg.com/v2-574d0744f57e664e6bac021274122591_is.jpg,14,0,11,会玩,True,False,
2307d4205a82926f3617da53423a049f,stormzhang,stormzhang,1,False,https://pic1.zhimg.com/20d8a65bf7763048de4bb3491a0eb3eb_is.jpg,82213,183,511,公众号「stormzhang」，自由职业者，创业者。,True,False,
a59d7ca732b33e6ba40d58b2f35d24c9,下厨房,xia-chu-fang,-1,False,https://pic3.zhimg.com/v2-b427fd450641b4cdc2136f42900dcbf3_is.jpg,786492,905,319,唯有美食与爱不可辜负,True,True,
5ca1fa549192495bbe203eda10839b38,六层楼,liu-ceng-lou,1,False,https://pic1.zhimg.com/f843a266e4ce2dd9f730f6313273a8af_is.jpg,479004,392,561,,True,False,
23c8ba892ad7dd6497f5877c9ec171bb,山翁Swain,ding-liang-93-47,-1,False,https://pic3.zhimg.com/v2-2c213b96949a2eb5e52c2782466e1b2f_is.jpg,706,0,82,,True,False,
59610badf7cc99794adcfe391758a8d6,诚言SIR,lin-zi-cheng-57,1,False,https://pic4.zhimg.com/v2-11cc0380ca790d836766bd3eb6e4ce1c_is.jpg,69788,461,349,公众号:诚言SIR；科比新书《巫兹纳德训练营》译者,True,False,
6d443177eca4f4f098b4a4b63046b4b0,王瑞恩,wang-rui-en,1,False,https://pic1.zhimg.com/v2-1823d39907c55775880c84977ee0e777_is.jpg,499892,142,1252,老王力气大无穷，双手举起纸灯笼,True,False,
19787805e0d1f80fe5501ec60be84d6a,胡渊鸣,iterator,1,False,https://pic1.zhimg.com/v2-7d2e996c26bf0724b612b4b107845835_is.jpg,47692,1,12,麻省理工学院 计算机图形学,True,False,
624ad4ec3e4360ddcfb84eae21ddb2a8,立党,dang.xinran,1,False,https://pic2.zhimg.com/v2-5219cbe24d4f14988b278ee60c419180_is.jpg,37378,1008,1177,微博：狗食。Twitter/b站：@lidangzzz,True,False,
d424837bffd7fd4ae461c88a4fb5a6fd,Serena Yu,serenayu,0,False,https://pic1.zhimg.com/v2-be1b9046a7c9d8fb0327f83734751ee0_is.jpg,55693,8,2101,Don&#39;t be evil.,True,False,
83c229e5e026d4f8b685aa2750902459,刘看山,liu-kan-shan-78,1,False,https://pic3.zhimg.com/v2-cbcd70fece9e93ea43df3f1ce17ff6dc_is.jpg,8699860,52,78,知乎吉祥物，带你发现更有趣的知乎,True,False,
577a99c95c7c469fde072c2adc787c99,人民陆军,ren-min-lu-jun,-1,False,https://pic4.zhimg.com/v2-f16861caf6ceee9e12f5850cfe6e67ad_is.jpg,91017,2305,0,,True,True,
f57d707cf4e3ec01f2ca347d83885c36,押韵诗人,ya-yun-shi-ren-30,1,False,https://pic2.zhimg.com/v2-52acd83607a5e07e58fe70f08ffe53f5_is.jpg,35323,576,694,请关注微信公众号“押韵诗人”,True,False,
f20b6eacbf268e42b4ade3ec049b45c1,丁三胖,ding3p,1,False,https://pic1.zhimg.com/8b705a967_is.jpg,52365,322,313,公众号：丁凡的奇妙世界,True,False,
6fb1d89591e4fb1b6737c0c8f951c29b,赵皓阳,zhao-hao-yang-1991,1,False,https://pic2.zhimg.com/v2-0911b6f5ea894fa09b8f61dbeaf12c37_is.jpg,157383,87,247,《生而贫穷》已正式出版,True,False,
df8cf76aa6a84db4412c3aceb1c1b80b,叉少,cha-shao-wang-shi,1,False,https://pic3.zhimg.com/v2-bc4a407f0b280900e4f6571f4e8a9802_is.jpg,24804,4,47,公众号「 叉烧往事 」主理人,True,False,
953060da6e0917497940c083810443a5,贺仙,wuchangyexue,1,False,https://pic4.zhimg.com/05836cca8e18915f65090b2e1449e77b_is.jpg,184157,41,2374,莲子已成荷叶老，山色初明水色新,True,False,
680bb09a357c9b943bfdea48d6c008ab,老杨叔聊志愿填报,lao-yang-liao-gao-kao-zhi-yuan-tian-bao,1,False,https://pic3.zhimg.com/v2-b5daa127535c1681b6c8ba7686561264_is.jpg,174298,586,11423,从不看私信，咨询走值乎，关注公号送志愿填报实用攻略，搜知乎名,True,False,
b5470499378d127f1203b175f7f4f74d,阿里巴巴,a-li-ba-ba-23-79,-1,False,https://pic3.zhimg.com/v2-aeaa9f516bb29a1e81b4bbfb5386f091_is.jpg,97108,30,81,让天下没有难做的生意,True,True,
0800a987f70d3486479cd00b357faf28,皇太极,madisonand34,1,False,https://pic4.zhimg.com/f8cd9c5b0f7546cfdb85960cc46d56de_is.jpg,236620,88,121,公众号：皇太极在纽约,True,False,
ac96cb7be49623aca85e41631e21b1e3,人民网,ren-min-wang,-1,False,https://pic2.zhimg.com/v2-f30bdbee98ac241b623d8b73f3519cfc_is.jpg,457636,132,72,权威实力 源自人民,True,True,
d7401cfeb48804438954bd1d848d6e52,毛线抄手,jiang-xiao-mao-a,1,False,https://pic2.zhimg.com/v2-4c26d4122be1bcc8614f82e96e11c44e_is.jpg,26189,4,695,一条剧组狗 我摄助够了 不要再私信问我要不要摄助了 ，不要！,True,False,
47ac97a287b10d41ef3239f61ea08920,邓铂鋆,deng-bo-yun,1,False,https://pic4.zhimg.com/v2-77ddf8914e0418c2e26ea5021741f5c7_is.jpg,236464,0,4610,克莱登大学教育处选课系统管理员（非事业编）,True,False,
944fc2cf7b6d3556aaba9d8536ccf670,中科院物理所,zhong-ke-yuan-wu-li-suo,-1,False,https://pic3.zhimg.com/v2-9108bc2da9a2d69611451fe756ec281b_is.jpg,156833,209,73,没错，我就是那个物理所。,True,True,
11f81fd09f3e27064b676802c7772f4c,知乎故事大赛,gu-shi-dang-an-ju,-1,False,https://pic1.zhimg.com/v2-c83d996180155c8d2090b3c8889bb159_is.jpg,6319,0,0,,True,True,
0617028ab042be96391628c50dcbde73,李连明,mingrenmingyan,1,False,https://pic1.zhimg.com/v2-dc012a68d740b31507f53645d567e88b_is.jpg,2622,141,435,,True,False,
f3eb81b589aeaae61a433eaf295f5f18,李永乐老师,lele-88-98,-1,False,https://pic2.zhimg.com/v2-00d59a176fd9d778419f3d7192ded779_is.jpg,60977,15,80,中学物理/数学教师,True,False,
6e2afcf05882d04abd1d9e7264576df2,猴子判官,dong-liang-85,1,False,https://pic4.zhimg.com/v2-43f0588545440080a5cf8c9fd4cd79ae_is.jpg,53508,21,526,前法官，中层干部，段子学博士生岛狮（享受村委会特殊津贴）,True,False,
1d1436723032323cba09e85688f139b7,我是郭杰瑞,guojierui123,1,False,https://pic2.zhimg.com/v2-811c432cf5ac001dbd29f16508582650_is.jpg,186992,9,165,郭杰瑞,True,False,
0f31c7e124c575c04472f050b9d4e0c5,发条张,film_top,1,False,https://pic1.zhimg.com/b6080623a_is.jpg,611,0,2,八最经典的电影，扯最TOP的观点,False,False,
6cf6ae9b2df81a98bbb44c2515b66c06,知一声,verycool,0,False,https://pic2.zhimg.com/v2-68e51259238be39eca185a752e1d1fe6_is.jpg,99017,43,5,能文能武，懂一点产品，懂一点技术，非常了解知乎产品功能。,True,False,
c3ee2daecdfe1dc0b86e3de05fab0dfa,雷磊,leileiak,1,False,https://pic3.zhimg.com/v2-55d4d03dd831ed3dbc2535fb2d9ff9fe_is.jpg,91387,355,151,真实故事计划创始人、前南方周末调查记者,True,False,
0f2006385065c411ad6d08b4fc62b788,知乎科学,zhi-hu-ke-xue,-1,False,https://pic3.zhimg.com/v2-a2afd999712762d9c146a525489d48dc_is.jpg,921735,19,3,来知乎，看科学多热闹,True,True,
44ba2c7757cdda157bade585004144ef,一加科技,oneplus-71,-1,False,https://pic1.zhimg.com/v2-e345fd6cc9d2d4da5d7cd406ab723a7c_is.jpg,24719,103,76,Never Settle,True,True,
46f5781643c17c35f1c16e0719feb55d,英雄联盟,ying-xiong-lian-meng-56-33,-1,False,https://pic3.zhimg.com/v2-71afea3f9a42c8e6459e511307500ad0_is.jpg,185271,311,138,欢迎来到英雄联盟。,True,True,
f5901889acc1a5015395facaac653329,摩登中产,mo-deng-zhong-chan,-1,False,https://pic3.zhimg.com/v2-8e8dc8479721fb32b03eee2884e16064_is.jpg,94908,0,120,新一代中产的精神、生活、审美之道。幸有你来山未孤。微公号：modernstory,True,False,
8ffae4888922f9b3c55120a189def658,知乎动画,zhi-hu-dong-hua,-1,False,https://pic1.zhimg.com/v2-3bc359ea7942484e9275a15f5ba8b2c8_is.jpg,1274648,178,2,知乎 ACG 领域，不止是动画！,True,True,
946100dd40f5cf54c41bdd59ad4f0d87,张小北,zhang-xiao-bei,1,False,https://pic2.zhimg.com/v2-7fd4fce5376126c913156770ec14320d_is.jpg,1023977,91,1409,编剧、导演,True,False,
f98c75b3887ae03d5ea77d088700f139,马路,zhen-gu-jun,0,False,https://pic2.zhimg.com/v2-208228d464185173ca8ecf1fc61a2975_is.jpg,39004,93,157,中年少女的楷模，比男人更讲道理。公号【马路青年】。,True,False,
4746a2e4eb8feb76d5e43fbe04b7b058,Mix晴子,mixqing-zi,0,False,https://pic2.zhimg.com/v2-56d42a07678c1668318c22840341634b_is.jpg,17552,1,3,斗鱼：Mix晴子,True,False,
b8cfe23dd516b475fdd63ce465d2a4e9,敬汉卿,jing-yi-qing-49,-1,True,https://pic4.zhimg.com/da8e974dc_is.jpg,8402,1,1,吊儿郎当的自媒体,True,False,
f35fcb19ea50373fc10f2219f4a12754,马伯庸,ma-bo-yong,1,False,https://pic4.zhimg.com/3af4b8cc2_is.jpg,953178,80,123,市场营销,True,False,
fc1e8ef4a24b7220a62f53e26c0a951e,天眼查,tian-yan-cha-40,-1,False,https://pic3.zhimg.com/v2-4cdfb632e2836402ad3e63ae2e660ee9_is.jpg,196628,86,769,公平看清世界,True,True,
3ca70de9ee621f96d225e956e3663af0,小刀不磨,liu-shun-32,1,False,https://pic4.zhimg.com/v2-092fd2d933ad448db11bf51b7af52e42_is.jpg,16588,5,84,一二三四，五六七八,True,False,
f944527aea36a22f94e5c0a85a567faa,小弟王晶,xiao-di-wang-jing,1,False,https://pic2.zhimg.com/v2-98d8c72cf547d4ce97c0b6bc0b470b80_is.jpg,48106,0,3,导演，代表作《追龙》《追龙II》《赌神》系列《古惑仔》系列等,True,False,
f3f29a9d59315793e90c14e8726a38b5,腾讯体育,teng-xun-ti-yu,-1,False,https://pic4.zhimg.com/v2-7e5dae6e52b994d2adf8a1cbcb053277_is.jpg,26653,790,456,,True,True,
d8be63aea3967b551de507e40f52dd8c,平安北京,ping-an-bei-jing-72,-1,False,https://pic1.zhimg.com/v2-eeb14642c83f525df21149a19731c996_is.jpg,11259,0,9,,True,True,
3e6ab625a6ac069911dec50add7925d7,人人影视字幕组,ren-ren-ying-shi-zi-mu-zu,-1,False,https://pic1.zhimg.com/v2-85c29fb94e0480608661882ad21a95ad_is.jpg,2094,33,23,,True,True,
4092e6bef6fbfeb8bb629edc17990812,即刻运动Official,fittimeji-ke-yun-dong-39,-1,False,https://pic4.zhimg.com/v2-91514ac70ccecc6a28037ff65c9c4ad4_is.jpg,282291,589,1174,即刻运动APP 让你足不出户练出好身材！,True,True,
b8376da6d812da2d81c8e4a4dba04335,Keep,keep-13-17,-1,False,https://pic4.zhimg.com/v2-94405c74940f5a8759e28403071da6bc_is.jpg,284227,29,31,哪里有运动，哪里就是你的自由运动场，自律给我自由。,True,True,
c6b82fe5c2f70b2a043d3948eb00c18b,芒果冰OL,mang-guo-bing-ol,1,False,https://pic2.zhimg.com/v2-d26453bb149aaab2a72fc525ae8f4b62_is.jpg,14334,3,41,B站up主，代表作《中国网游史》系列，网游圈八卦集散地,True,False,
6d48e9873eea114c9bbcb56b4803fb81,新世相,xin-shi-xiang-98,-1,False,https://pic4.zhimg.com/v2-fdc1660a55d94b81a9c2213bce5d3970_is.jpg,113400,747,212,,True,True,
4a9b90c975dd69003bfbd2e04a1e3586,梁静茹,liang-jing-ru-51-64,-1,False,https://pic4.zhimg.com/v2-0893a35763ca9d6c0c2014b644d2cf29_is.jpg,46058,0,2,"情歌天后,疗愈系情歌本格派",True,False,
ac50b000c0545afb685b295fa76d4199,原画册韩松,oalbum,1,False,https://pic1.zhimg.com/v2-be72a3471a5b9a246313cca944dd7d62_is.jpg,136218,84,63,"IPPA,MPA,MIRA手机摄影获奖者，公众号：原画册",True,False,
703df45e986a61a72c9ad54eb4c1c57b,蔡澜,cai-lan-80-17,1,False,https://pic1.zhimg.com/v2-251836f96a8e7af0377719162d068209_is.jpg,504285,73,89,美食家、专栏作家、电视节目主持人 、中国美食纪录片《舌尖上的中国》节目总顾问,True,False,
07a9f6a14340688d3f309417d5213378,朕说,zhenshuooo,1,False,https://pic1.zhimg.com/v2-795d71e728aaaee9fe134846595fa55e_is.jpg,71709,397,37,百万粉丝趣味知识漫画微信公众号：朕说。欢迎关注！,True,False,
66103c2f4dde4e45f2871217e2e16f01,花总丢了金箍棒,huazong,1,False,https://pic1.zhimg.com/ef1fb11ba3b5b4f2d3ee19b4d5dff1ca_is.jpg,144421,11,154,诺贝尔卖莔奖得主,True,False,
f51eb53feaac90c952896ae9da068725,苗力,miao-li-42,0,False,https://pic3.zhimg.com/92decea24_is.jpg,170656,41,23,左耳听情话，右耳听批评。,False,False,
859879b210ae6d403347cd662cb96632,李昕,li-xin-92-29,0,False,https://pic1.zhimg.com/v2-3cf1773d2ac7fb3acc3ff04e76676d68_is.jpg,198102,6,353,新生儿科医生，一个宝宝的妈妈,True,False,
beb8a325ff815b20dfee8021bd8364be,丁若水,ding-ruo-shui,0,False,https://pic3.zhimg.com/235fe1e80c561a3d887243daf94d6836_is.jpg,179774,26,715,有猫，学过医，国家二级心理咨询师,True,False,
37e935623706e5e221d2756fba82acf5,Luxenius,luxenius,1,False,https://pic4.zhimg.com/4e6ea52436d88d50b413e55ec8538b9b_is.jpg,199416,8,165,小隐隐于匿名用户，大隐隐于没有帮助,True,False,
914027d953e2f32b1b9557b47d485d1d,死者代言人,forensic,1,False,https://pic1.zhimg.com/be39d110759e68f389b7d2934d7353bc_is.jpg,223985,15,525,为死者代言，替逝者发声。,True,False,
e506c22dc58a46f95dcd436a77c45a01,网易体育,wang-yi-ti-yu,-1,False,https://pic3.zhimg.com/v2-c2a7f309662683907f17bcccee7c2454_is.jpg,94176,507,675,用绝对严肃的态度，写有意思的体育故事,True,True,
a8cd8c7cc6e7de24b5f6f547512fd200,王志安,wang-zhi-an-20,1,False,https://pic1.zhimg.com/v2-002336f8e40d9c8e4d1b2783c4c41678_is.jpg,63990,27,33,用冰冷的理性温暖世界。微信公众号：wangju8848,True,False,
3d198a56310c02c4a83efb9f4a4c027e,知乎小管家,zhihuadmin,1,False,https://pic4.zhimg.com/v2-85b5868ae1ee114c5818d29201aef708_is.jpg,331995,235,69,超厉害！顺便招运营人才和其他各类人才。,True,False,
c06e444d2dc779ab9ffb6f92013dbe45,毕导,bi-xiao-tian-99,1,False,https://pic3.zhimg.com/v2-d94579f978d5ebae54c6f2d1cb55b3d1_is.jpg,306425,14,160,膜技术博士，欢迎关注同名公众号“毕导”,True,False,
a5d9ea8daf614847f24b73d51325c63d,新浪军事,xin-lang-jun-shi,-1,False,https://pic1.zhimg.com/v2-96e041a4c79072c6c4e260ca04694b73_is.jpg,10317,182,21,最多军迷首选的军事门户,True,True,
397024431d2803c525d7def6a1fc66ab,人物LIVE,13136186906,-1,False,https://pic3.zhimg.com/v2-9fde9447aca30a43a198e0f5d080caba_is.jpg,10591,225,151,微信公众号ID：yirenyicheng01,True,False,
a80814e0e30fe4bdcc586e0d9a05198e,Sir电影,du-she-dian-ying-6,-1,False,https://pic1.zhimg.com/v2-674cc92d3d6b7375d44e4f94855a6494_is.jpg,62806,397,77,爱电影的人，一直关注我。,True,True,
c1cbe3b38d6e669e0b6afbb84df06dad,流浪的蛤蟆,liulangdehama,1,False,https://pic4.zhimg.com/1682d1960_is.jpg,174141,52,2138,《一剑斩破九重天》起点连载中，各位大爷常来玩啊！,True,False,
b9308efbf94d730666c50c1911324a41,Colin Zang,zang-yong-yi,1,False,https://pic3.zhimg.com/v2-0c3c653f791bffc20f8021c7afd11874_is.jpg,20056,0,37,偶尔造点曲子。,True,False,
1489f98f6d8929029842000b0a69b5dd,腾讯科技,teng-xun-ke-ji,-1,False,https://pic3.zhimg.com/v2-6b9eb1f69a2815015e56fd9831d559c1_is.jpg,300136,97,233,,True,True,
296cdcac6f4033262cda63e6fb95f0f4,鸡身少女小绿,ji-shen-shao-nu-xiao-lu,0,False,https://pic4.zhimg.com/v2-a45acb99e405aaf228bf5694d2a32767_is.jpg,11419,0,86,"运营一个惨淡公众号的文豪。
没有医术的兽医。
阿哥头女硕士。",True,False,
599be726d602e6e85591a52735d9ae16,常同学,kris-98,1,False,https://pic1.zhimg.com/v2-e7c6fc979f2444ccff646ff836202577_is.jpg,1967,0,21,「与你分享我刚编的故事」-  现役美国海军航空兵一级士官。,False,False,
99e43ba6ebde9a595b867095011acd19,医联APP,yi-lian-app-55,-1,False,https://pic3.zhimg.com/v2-5cbed22f4cc40fb4815dd94ec0d810d8_is.jpg,65197,364,56,中国领先的实名医生平台,True,True,
6382d6f139190ad6931f99a3854b93f7,赵赶鹅,zhao-jia-zhu-41,1,False,https://pic4.zhimg.com/v2-43c5b55c8ca9d1cce780a1e2db9cb3ff_is.jpg,124747,22,104,当你凝视深渊时深渊也凝视着你，与野兽搏斗的人要谨防变成野兽,True,False,
f27062c7978e6e86b723c97d88cb6ad0,皮耶霍,chen-ke-55-65,1,False,https://pic1.zhimg.com/v2-3a4fe6506ed60df759611979fb2a4b53_is.jpg,149211,126,999,经济学学士历史学硕士法学博士,True,False,
106788648e646845a6d075b1306a9de3,Aamir Khan,aamir-khan-47-48,1,False,https://pic4.zhimg.com/v2-3f86b520e91ce081c3fad376667438f8_is.jpg,131446,0,3,,True,False,
ae6f45cb16b4acb11669a8981eba7d1d,华为,hua-wei-62-16,-1,False,https://pic3.zhimg.com/v2-e4d64b5e553899079c856727e6f12eae_is.jpg,58803,58,57,全球领先的ICT基础设施和智能终端提供商,True,True,
c7a3ec5bf9c5ee8487b49cdf4e615f64,一号哨位,yihao-shao-wei-11,1,False,https://pic1.zhimg.com/v2-c3dad3053e5e486d8a1985f8d6c8f11e_is.jpg,7561,17,42,关于军人、军属的一切,True,False,
1f45812eda5c441519d6a4d072f347bb,卡城疯云,calgarycloud,-1,False,https://pic1.zhimg.com/v2-42e59d640ae6d0bc40b07e6770852623_is.jpg,1138,1,31,海外工程狗，新移民，各种户外运动装备党,False,False,
8b508559eba705a6c3e5f400520802dd,哎呀我去刘老师,liu-chun-yang,1,False,https://pic1.zhimg.com/v2-26b628e1eba9df454c992257cb76fde1_is.jpg,8288,1,155,爱唱歌 / 爱做饭 / 也爱打游戏 / 厨艺渐渐恢复中,True,False,
b8a8043e3499de9e868db38d9b5e2858,今夜九零后,tai-yang-di-xia-wu-xin-shi-50,0,False,https://pic4.zhimg.com/v2-aea7d2d93f77287add092df52b981d88_is.jpg,12562,32,98,记录九零后，记录你。,True,False,
24954a772cb4ed7752e619bb27559873,Cristina Soul,jin-zhao-jiu-53,1,False,https://pic4.zhimg.com/v2-f4790db70710ef7d04514979b88222dd_is.jpg,1,0,0,。。。,True,False,
3024ed4f502c518b78ccdcdf8e4c5ce4,第一干事,di-yi-gan-shi,1,True,https://pic4.zhimg.com/da8e974dc_is.jpg,878,3,0,,True,False,
64cf20fe7cb8ee6e1a929cbf95f16dc3,秦明,perkyqin,1,False,https://pic3.zhimg.com/28b7a3cc652da02b971835ddca645c14_is.jpg,167775,0,147,在职公安法医/作者/科普达人,True,False,
bd8af9584952286b0f4896f4ef1384f0,龙牙,long-ya-57-84,1,False,https://pic3.zhimg.com/2b8be8010409012e7cdd764e1befc4d1_is.jpg,486124,40,1154,小xuo生的公众号：龙牙的一座山。,True,False,
bfd75d28af9e975dec51ec8ae0527fe7,OwlLite,wenmiau,1,False,https://pic4.zhimg.com/623cb8e61da80bbae706f30642b2a145_is.jpg,392237,30,179,",",True,False,
c7629ff90233188fe05ca3d5ecd9bed2,陈睿,ruich97,1,False,https://pic3.zhimg.com/67c4cdd41e39002e1db4b0310f18e8b2_is.jpg,52967,0,8,,True,False,
5f33ef832172f703f4434ca4e2b7a0b4,狂丸科学,kuang-wan-35-41,-1,False,https://pic4.zhimg.com/v2-cba887679509294b7b929970e9038056_is.jpg,80406,308,1,微信公众号：狂丸科学，获取科学学习资源,True,False,
2f8b921be71a04f2972e191ca68f3cdd,网易槽值,caozhi,0,False,https://pic4.zhimg.com/v2-8ffe5655558be0cc186c916963edb35c_is.jpg,104789,452,385,网易原创栏目，公众号槽值（ID：caozhi163）关注我的人都好看又有趣。,True,False,
31a57740c0436260eb2f8c71f1bab40e,本多敏行,ben-duo-min-xing,1,False,https://pic2.zhimg.com/v2-61e997f14b955ed09dfd4a19e26c6e88_is.jpg,34877,1,7, 动画导演、监督 导演 娱乐人物 动画 人物代表作品为《哆啦A梦》系列。,True,False,
7f8d8e3b413f96ae377fc1a2f570ba0f,任素汐,ren-su-san,0,False,https://pic1.zhimg.com/e80b6f0ee11a84d88ca174770179d1dd_is.jpg,106829,0,2,演员,True,False,
29e997ccf1dfbb6f4919777e9a067e48,聂卫平,nie-wei-ping-64,1,False,https://pic3.zhimg.com/v2-328e9303e1d7e485d2b923959651048e_is.jpg,88048,2,4,围棋职业九段,True,False,
0444528f10ddf02892abc7167acb77e4,戴荃,daiquan0915,1,False,https://pic1.zhimg.com/v2-f866d5351d0a778e8f82417841d5f79f_is.jpg,89867,1,6,,True,False,
f1887d2c924a22428792c7c22615aefe,张昕宇梁红,ontheroad270,1,False,https://pic4.zhimg.com/v2-453ac7e7e65247d26dffd315d6379a37_is.jpg,356852,24,40,环球探险家，一对青梅竹马的侣行夫妇。,True,False,
f20cd1769f61602e2d8d9a6f4ad2ae5d,田吉顺,tian-ji-shun,1,False,https://pic2.zhimg.com/v2-6b6512ddd0dfdb105678291dc2c48f9d_is.jpg,989182,118,498,丁香医生医学总监,True,False,
680d37d632f2caa5c216fa16c97a0cd9,网易公开课,zhi-shi-di-48,1,False,https://pic4.zhimg.com/v2-8fe5b92ae64f82f0ad75517ce55180d1_is.jpg,58439,207,295,上好人生每一课,True,False,
ad37b9a16259da1c64220892a6191d2b,网易玩家工作室,wang-yi-wan-jia-gong-zuo-shi,-1,False,https://pic3.zhimg.com/v2-1f2cc85d22e216833c8bbc4034e6938d_is.jpg,193005,1367,45,网易航空公众号(id:wyair163),True,True,
3de6e28ed687707cce386fc97269dad7,正新鸡排七莘路分店,zheng-xin-ji-pai-48,-1,False,https://pic3.zhimg.com/v2-b11c4c0555a872f0ab299dbd4f8ef891_is.jpg,937,55,78,了解项目信息，点击详细资料获取更多信息,True,True,
b3d9497a16f583ef0caf3a8304efae64,悦跑圈,yue-pao-quan,-1,False,https://pic1.zhimg.com/v2-389a82c27bafd537b93bb41ee8dbbd39_is.jpg,97370,230,264,跑步就用悦跑圈,True,True,
75ebc4ed8925f9ad8ab6a178b5f9dcfe,小黄,lang-lang-63-1-54,-1,False,https://pic2.zhimg.com/v2-b332c104f023d36b2b1a966f76572428_is.jpg,328409,0,2,演员,True,False,
52437d958fb6c7a5a746e6374aa63d49,支付宝,zhi-fu-bao-72-4,-1,False,https://pic3.zhimg.com/7ef1d1bf49e77c102ad42878ef187524_is.jpg,279574,295,248,知托付,True,True,
4e1a5d4b93d227d41b39e0c87f668718,尚敬,shang-jing-dao-yan,-1,False,https://pic1.zhimg.com/v2-63ddeb52190576eaeaebc77bd43a5786_is.jpg,38047,0,1,,True,False,
807cbdad0c3629cc02c6c6e84ee98fba,张译,guo-zi-501,1,False,https://pic4.zhimg.com/31d2a5bed119fca57cc6e7b05fcb7721_is.jpg,795514,6,26,知乎000号员工+猫与观众的侍者,True,False,
bea1c8d88ab66b0f053f3c529712f362,海贼-王路飞,wang-xiao-sa-54,1,False,https://pic1.zhimg.com/v2-945172a06a639243c6f81c618bb03413_is.jpg,61100,0,235,再见,False,False,
e74ab523cbce97e3030d90127eadd10e,谭卓,tan-zhuo-35-95,0,False,https://pic3.zhimg.com/v2-0dbcf650d1c592632994eac706b5f12a_is.jpg,166876,0,3,职业自己,True,False,
b4e6f23bbf0d7a1c8f86b4279e1e255c,基层务语,zhang-jian-tao-54-80,1,False,https://pic1.zhimg.com/v2-d59b543bd4001e6e09a0ed230c9318de_is.jpg,4562,16,209,监狱民警，公众号：基层务语,True,False,
af329730ef4f9cc2b9d7b997c359c4b2,每日人物,mei-ri-ren-wu,-1,False,https://pic1.zhimg.com/v2-8abe20b5bc4f905681f7b64c6625d9f0_is.jpg,199168,718,523,轻商业，懂生活。,True,True,
dd00a1331c92c5f94e28c007443271b5,真实故事计划,zhen-shi-gu-shi-ji-hua,-1,False,https://pic4.zhimg.com/v2-3b1f2e192ac6d2ee0af97b46bc564200_is.jpg,583689,177,537,你的人生问题，故事里都有答案。,True,True,
0e5c2a84ea0c614e550b8f2d9f4f6280,刘翔熙,liu-xiang-xi-94,1,False,https://pic2.zhimg.com/v2-2bc4a157cb092dac7da2af5a9b48b94b_is.jpg,119323,157,688,O编 前美军战地工兵士官 伊战老兵 联邦劳工部探员 NRA手枪教官 OH隐蔽持枪证教官 娃爹,True,False,
d87e01a7d96bafc6c4bd1712100504da,喜马拉雅,xi-ma-la-ya-fm,-1,False,https://pic3.zhimg.com/v2-3f7ab673c89ffa98750543e012b7b8d2_is.jpg,64438,87,240,每一秒陪伴都有爱。,True,True,
c8b63302fc0ac260278c00954a16919a,影视圈杂志,ying-shi-quan-za-zhi,-1,False,https://pic4.zhimg.com/v2-65503b160b41c806be74ef8d0094311e_is.jpg,369061,911,484,专业做媒体，认真做娱乐。,True,True,
acd772b064126107cc838df39fe034dc,医生大鹏,hellodoctor,1,False,https://pic3.zhimg.com/v2-92888e7b26607cef887381328e237e52_is.jpg,109721,65,91,微信公众号：男科时间,True,False,
a3f4d1b84c639f7c70a7b11ddc7957e4,运动医学王杨雨凡,wang-yang-yufan,1,False,https://pic1.zhimg.com/v2-64e8a2fc2f89164273d4bee4cfeae76e_is.jpg,69584,121,432,"公众号:运动医学王杨雨凡
咨询转值乎",True,False,
e3cf968a0fab8ed92959b94e3c11276c,叶子,xie-zi-86-58-94,0,False,https://pic3.zhimg.com/v2-69141dfc9b87f04ac2aa075e71b3efb6_is.jpg,1982,11,10,一个喜欢分享设计、艺术、绘画、二次元的小仙女,True,False,
15943ea68da063cfbc9391fcc194c31a,吴思涵,wu-si-han-47,1,False,https://pic1.zhimg.com/v2-22651640153b2e3752c116fdab8ee511_is.jpg,139639,70,851,知识星球「真知拙见」,True,False,
fc7e83baaa843a4f50a775f285780ce6,新京报剥洋葱,xin-jing-bao-bo-yang-cong,-1,False,https://pic1.zhimg.com/v2-873af5f79d96455868c2948c3d5d7bed_is.jpg,67749,71,61,,True,True,
2fe256dd4576c9a5a395bc72298e31b3,圆的方块,zhu-shan-36,1,False,https://pic3.zhimg.com/v2-572c513f215b3d8ecc8f76a4a5ce1234_is.jpg,20898,74,152,科学松鼠会，公号【圆的方块】,True,False,
dd2a620fbc04bf35f833006745a46e84,丧心病狂刘老湿,bingo-liu-66,1,False,https://pic4.zhimg.com/v2-42465aafac11e5439225008a987e0034_is.jpg,208886,46,587,会讲点儿故事，略懂点儿历史，稍有点儿意思。,True,False,
aee1bb69845226f779ecd351a83eeb02,郎朗,langlang0614,1,False,https://pic2.zhimg.com/v2-81eb926b6ca2decac7ba1852faab3518_is.jpg,329916,1,15,国际著名钢琴家/音乐教育者,True,False,
5554b4c7233211e53ce5caf160012898,网易云音乐,wang-yi-yun-yin-yue,-1,False,https://pic1.zhimg.com/v2-a70fa10982765463a858bfe53a2efc38_is.jpg,17122,1,5,,True,True,
4b5d7787a9d7a7ddc8500d97b4f30539,聂顺利,nie-qi-13,1,False,https://pic3.zhimg.com/v2-5ea33e0534356f2cee234e1e73efac06_is.jpg,25388,404,227,医生/爱思考/爱美食,True,False,
2a5f4b1284cb11392a4b75cf4363f5f5,皮皮鲁,pi-pi-hui-ke-ting,1,False,https://pic3.zhimg.com/f96777398ec9e5eafc7b6c1f14d50626_is.jpg,106798,19,512,"☀生活话题优秀回答者
微信：pipilvluxixi",True,False,
f7531da97e0021c980e787ca32c859b6,网易浪潮工作室,wang-yi-lang-chao-gong-zuo-shi,-1,False,https://pic4.zhimg.com/v2-0787fd7d5f558ed141b14c3dcc576109_is.jpg,190901,88,603,,True,True,
dd727795f36e2a9efa92405347414cbf,锦衣夜行,LBQYJS,1,False,https://pic1.zhimg.com/v2-a4165827c8ff72c93641a0a5c03187a7_is.jpg,50968,1526,3,冷兵器研究所微信公众号：lbqyjs,True,False,
04bb88705a58c85378b7577f5c0d754f,蒋校长,jiangxiaozhang,1,False,https://pic4.zhimg.com/v2-8a6a828dbc4457a3777e677eb291f7b2_is.jpg,193598,426,296,公众号请搜索:蒋校长,True,False,
fa4ab19e22e12c79d90032da438ccf54,《科学世界》杂志,ke-xue-shi-jie-za-zhi,-1,False,https://pic4.zhimg.com/v2-d6b88fd956c28532f72f20e318315206_is.jpg,213261,121,162,唯有通过科学 方可认识世界,True,True,
6d64d7ba262f6d1fa4ee6fbfcab67655,杰士邦,jie-shi-bang-53,-1,False,https://pic1.zhimg.com/v2-7007700c16034b84f86fc6563aef3f97_is.jpg,55237,99,444,卖套套，不卖油漆，不卖发蜡。,True,True,
1f75ac70be726aedc5a9c5ab5b595eb5,网易《了不起的中国制造》,wang-yi-liao-bu-qi-de-zhong-guo-zhi-zao-,-1,False,https://pic2.zhimg.com/v2-0d00c1fde3921eaad703623c0e30eda0_is.jpg,173980,498,63,从未停止追赶,True,True,
65faf5e96ccedf7638500d895727d7ef,杜蕾斯,du-lei-si-26-55,-1,False,https://pic1.zhimg.com/v2-2d1fe541657778332f0f72541635212e_is.jpg,240461,172,605,杜蕾斯，再向前一步,True,True,
4340c64d1f5beb91ad0d85797e14ee11,触乐,chu-le-75,-1,False,https://pic4.zhimg.com/v2-e155858d14237a2e845d2f4ff4f27790_is.jpg,195370,1021,254,高品质、有价值、有趣的游戏资讯,True,True,
a79799355c0842663f2074daf8f5a1fb,游研社,you-yan-she-47,-1,False,https://pic1.zhimg.com/v2-2a9c6ed72cf475d25431350bbaf2283a_is.jpg,362925,1147,145,看懂游戏，研究快乐。,True,True,
b61720ed048e7dba8b59cb98a1435dfe,胡远东,hydfox,1,False,https://pic2.zhimg.com/f5fd7f37b_is.jpg,266771,41,380,与每一个关注我的知友分享高质量的信息,True,False,
720c6ef165a77d39a9452c8977729518,雷军,mileijun,1,False,https://pic2.zhimg.com/a6fd28f70584d499f1d1f184c4769d56_is.jpg,370300,5,9,,True,False,
a53f4a53d9564100c600150e20b9abe6,军机处,jun-ji-chu,-1,False,https://pic4.zhimg.com/v2-b0b68b4346cbbf5783168927de81bae9_is.jpg,10445,514,12,自媒体人,True,False,
4878db4a0ac1667cb63cd509c1818750,神经木木羊,shen-jing-mu-mu-yang,1,False,https://pic3.zhimg.com/v2-c9bbf1b6d42bab8e7e87d480893eb78f_is.jpg,23434,36,244,一个有大理想的小医生,True,False,
14f1982ee9fd4e9579b918b4676b8b44,KnowYourself,knowyourself-1,-1,False,https://pic2.zhimg.com/v2-efbee9a31c8cd45a623e06c36d398fe3_is.jpg,1469788,347,1200,关注自我和内心，觉察即自由。,True,True,
885864cd2ba3fb91eb653a83c1392c73,陈佩斯,chen-pei-si-13,1,False,https://pic2.zhimg.com/v2-f3ba025ae9dc2ba7417f76f30d852ee6_is.jpg,188548,0,5,喜剧艺人，曝日堂主人。,True,False,
c021ba53a74d78f0ca6ddd7e1ca85aa8,魏则西,wei-ze-xi-89,1,True,https://pic4.zhimg.com/da8e974dc_is.jpg,49738,9,30,二十一岁，滑膜肉瘤转移，西安电子科技大学学生，计算机专业,False,False,
e5d6f7a90d20ec15b089d389d78b1689,人间theLivings,wang-yi-ren-jian-32,-1,False,https://pic3.zhimg.com/v2-65af8da36c32c0a329c5201540256fb1_is.jpg,200611,458,182,一个讲述真实好故事的非虚构写作平台。（公众号：人间theLivings）,True,True,
eaa5b3cf754c52f6182df2b4523fe6d8,良目视光,liang-mu-shi-guang-77,-1,False,https://pic1.zhimg.com/v2-194c892ff42ddef87dac4ca5045fe49f_is.jpg,62649,162,489,视力有问题？快来问我！(〃&#39;▽&#39;〃),True,True,
01f7621c0393188d023c9f1d59d6e171,哔哩哔哩,bi-li-bi-li-71-5,-1,False,https://pic4.zhimg.com/v2-7c6a1fb5b4c689ea3df8c7f6f4265264_is.jpg,464999,27,414,哔哩哔哩 - ( ゜- ゜)つロ 乾杯~,True,True,
8c63b10712eb6439c1b6630c5f8b1e67,Dr.X,bu-wu-zheng-ye-de-wai-ke-yi-sheng,1,False,https://pic1.zhimg.com/v2-ce648b2011f28013263f624e093db88f_is.jpg,152188,630,615,医学博士、外科医生、知乎签约作者,True,False,
f6a21f11acf73306dabf4aba9fed5203,小野,hei-cha-liang,-1,False,https://pic1.zhimg.com/b8bfca2b970d7802e4015106475b2178_is.jpg,821,3,4,公众号：陶笛抖一曲,True,False,
58f950686d0b869dd849a5e415c1542d,大力,lisa-2-22,0,False,https://pic1.zhimg.com/cb1684ebe3d4d8d8ccf8deba29a72a33_is.jpg,65669,8,28,不知之知，无为而为,True,False,
b09db0d3480be4eccb84d7df770cbb16,起点中文网,qi-dian-zhong-wen-wang-36,-1,False,https://pic2.zhimg.com/v2-648bb00e931c5885be1d88689489b0fa_is.jpg,158509,852,506,海量小说 原创乐土,True,True,
c646045fbb9dd8b5ba93bc6ba9f9c9f8,八大处整形布仁,309yiyuan,0,False,https://pic1.zhimg.com/v2-fa5b44b14c2b608987b13f7d5dcc6a74_is.jpg,7078,5,143,重塑你的五官，提升你的气质，做你背后的美丽魔法师！,True,False,
e61b944a469a270a6a08c5d270f42149,荣耀手机,rong-yao-shou-ji,-1,False,https://pic1.zhimg.com/v2-e84e11723653ba9fe43ca4502dd5d995_is.jpg,29473,204,224,活出，我的荣耀,True,True,
de3d495ab7d3324defc44f11386eccdb,丁香妈妈,ding-xiang-ma-ma-98,-1,False,https://pic2.zhimg.com/v2-44487065b65ea232de8b7ed1433c2efa_is.jpg,178082,48,107,为学习型妈妈服务,True,True,
ae88014e195c4b03b9953c9724781430,跳舞,chen-bin-99-5-4,1,False,https://pic4.zhimg.com/v2-05a9eb027f0b236b9e6a56e5363dae4b_is.jpg,253942,10,952,是，我换头像了，咋地！是胖了，怎样！哼！,True,False,
e564a4176a7e71f57689fa0b5667b9ac,丁当,ding-dang-86-96,1,False,https://pic4.zhimg.com/76a75267f984668a7d7326079a0ccdf9_is.jpg,46537,198,4,「丁香医生」专栏作者,False,False,
f51865958e41fe00c4949c50663a8be5,春雨医生,chun-yu-yi-sheng,-1,False,https://pic4.zhimg.com/v2-b97c7550021b3c2cb33ac096676b0fb0_is.jpg,263875,330,307,春雨医生旗下健康媒体，易懂·实用·可靠的健康知识,True,True,
77cb748b2f61a311a765f4fc86a63b0a,不老的老回,husky0708,1,False,https://pic4.zhimg.com/43c8b9a61_is.jpg,125536,66,166,做中国人民喜爱的消费者 贡献于提高奸商的作恶成本,True,False,
b4854b0ef6dcd22ce978860a19066e73,丁香医生,ding-xiang-yi-sheng,-1,False,https://pic1.zhimg.com/v2-fc8c90ae998dd9ae303687a19043624c_is.jpg,2544815,298,626,有温度、有知识、有态度。丁香医生，新一代大众健康品牌。,True,True,
8863c68227f29668a2b7617c49d4beeb,SME情报员,sme-98,0,False,https://pic1.zhimg.com/v2-7215d0e6018a0ed37f0aa2edfb071310_is.jpg,463959,1344,89,讲讲科学史，聊聊科学家，挖挖冷知识（公众号：SME科技故事）,True,False,
c1eedb7997b80a35f2b5ca73583c1dc7,李诞,li-dan-81-79-26,-1,False,https://pic4.zhimg.com/37b41e6e9e1d63fd13b06b90814015dd_is.jpg,85106,0,13,诗人、谐星，《吐槽大会》《今晚80后脱口秀》策划人,True,False,
c11d407c53eabd5f698584e48f792a2c,AcFun弹幕视频网,acfundan-mu-shi-pin-wang,-1,False,https://pic2.zhimg.com/v2-216ff35c92d96448a96970b14a0afc69_is.jpg,132026,180,520,认真你就输啦 (・ω・)ノ,True,True,
f92d6584f1bac2a8bbc810056d46b2b5,网易看客,wang-yi-kan-ke,-1,False,https://pic2.zhimg.com/v2-f1c5dd65f4d8df27fa0a45aa0c5a912f_is.jpg,231223,300,213,看看这个荒诞而有趣的世界。公众号：pic163,True,True,
cd2c9e656b83907607ba4ab6423bd6e8,董不懂,dong-bu-dong-95-73,1,False,https://pic3.zhimg.com/v2-56b139bb4bdc712a64f65bc4a8c16d3d_is.jpg,37532,35,175,铣完这个零件，我就骑上电车带你远走高飞⎝,True,False,
c1e3881713aff51f577fdce931b9f525,腾讯,teng-xun-70,-1,False,https://pic2.zhimg.com/v2-426f419ce98ab2f2f3a01489eda9d706_is.jpg,174634,151,102,用户为本，科技向善,True,True,
05c92c17e575f987d70f64d29036fa8f,传统主男涛哥,kiki-3-77,1,False,https://pic2.zhimg.com/v2-78c9ab2453c7a0527068ec5694fb8792_is.jpg,42517,428,9,"一个人做视频请多关注和支持，
我是试图在家找回传统生活的涛哥",True,False,
d16c6c8296c9c67600448c7baca4b9d3,谷大白话,gu-da-bai-hua-3,1,False,https://pic4.zhimg.com/7b9a1410b3d7988e0f3a14b2cca01883_is.jpg,35623,1,3,草根译者,True,False,
78b1e299a76c7cc1a11276a9a283952c,野食小哥,yeshixiaoge,1,False,https://pic4.zhimg.com/721a555ea285e9df83a72952dd421201_is.jpg,94749,3,58,一人一世界，一本正经做美食,True,False,
df6a11df973141f9bc046eb0d18b561b,掌阅读书,zhang-yue-89-57,-1,False,https://pic4.zhimg.com/v2-542b6b2e6a62efaa10e26fec85564de6_is.jpg,205472,139,351,关注我，为你带来关于读书的干货！,True,True,
53fa7c2fb1fcade1f2eb8e25e10e0f84,共青团中央,gong-qing-tuan-zhong-yang-67,1,False,https://pic3.zhimg.com/v2-669106fab8f1faa49979d6208a252731_is.jpg,868745,276,379,共青团中央知乎官方帐号,True,False,
f36e910c00a42463e5461a71dff059cc,西安牙医邓云贞,dan-shen-wu-tong,1,False,https://pic4.zhimg.com/v2-c82da5affbbc107bc99a75ac9a0d34b2_is.jpg,34328,6,425,第四军医大学口腔医院主治医师,True,False,
ef959a462c8b86ed3e0a3c1b1ace3df1,王尼玛,wang-ni-ma-94,1,False,https://pic1.zhimg.com/v2-c05c10b2c52d85a905c7bff651bf0890_is.jpg,703062,1,193,暴走漫画创始人,True,False,
bc8e62ac11844fc45ede5655dfe626ec,倩Sur,zhouqian2015,0,False,https://pic1.zhimg.com/v2-0b270aefb918b9cafebd0b0aa37fce89_is.jpg,243066,132,731,公号：倩Sur 三甲医院主治医生、医学博士、出版《完美体态》,True,False,
6233865cf3bc85e56dc70d2561be9c61,cpcliusi,cpcliusi,1,False,https://pic3.zhimg.com/v2-711dcd7bfe70800767b64d17309c734c_is.jpg,281157,229,659,历史硕士，讲师，专注中越战争，公众号：南疆烽烟正十年,True,False,
fb9874ee7703a0bf09075d62e1808a8c,军旗猎猎,18618423327,1,True,https://pic4.zhimg.com/da8e974dc_is.jpg,7766,0,5,个人登陆知乎较少，有问题欢迎到 军旗猎 微信公众号后台交流。,True,False,
ac72c035d5279102eb40d24dc40af0fd,国产凌凌云,ling-ling-yun-72,0,False,https://pic4.zhimg.com/v2-574d0744f57e664e6bac021274122591_is.jpg,14,0,11,会玩,True,False,
2307d4205a82926f3617da53423a049f,stormzhang,stormzhang,1,False,https://pic1.zhimg.com/20d8a65bf7763048de4bb3491a0eb3eb_is.jpg,82213,183,511,公众号「stormzhang」，自由职业者，创业者。,True,False,
a59d7ca732b33e6ba40d58b2f35d24c9,下厨房,xia-chu-fang,-1,False,https://pic3.zhimg.com/v2-b427fd450641b4cdc2136f42900dcbf3_is.jpg,786492,905,319,唯有美食与爱不可辜负,True,True,
5ca1fa549192495bbe203eda10839b38,六层楼,liu-ceng-lou,1,False,https://pic1.zhimg.com/f843a266e4ce2dd9f730f6313273a8af_is.jpg,479004,392,561,,True,False,
